<?xml version="1.0"?>
<!-- Diese Datei ist ein einfaches Adressbuch in XML -->
<adressbuch>
	<!-- Hier werden die einzelnen Adressen aufgezählt -->
	<adresse>
		<name>Abel</name>
		<vorname>Annegret</vorname>
		<strasse>Am Anger 1</strasse>
		<ort plz="12345">Aachen</ort>
		<adresse>http://www.abel.de</adresse>
	</adresse>
	<adresse>
		<name>Bebel</name><vorname>Bertram</vorname>
		<strasse>Berliner Strasse 2</strasse>
		<ort plz="23456">Berlin</ort>
		<adresse>http://www.bebel.de</adresse>
	</adresse>
	<adresse>
		<name>Cebel</name>
		<vorname>Christiane</vorname>
		<strasse>Cherusker Weg 3</strasse>
		<ort plz="34567">Celle</ort>
		<adresse>http://www.cebel.de</adresse>
	</adresse>
	<adresse>
		<name>Debel</name>
		<vorname>Dietmar</vorname>
		<strasse>Desenweg</strasse>
		<ort plz="45678">Dortmund</ort>
		<adresse>http://www.debel.de</adresse>
	</adresse>
</adressbuch>
