<?xml version="1.0" encoding="UTF-8"?>
<!DOCTYPE html
PUBLIC "-//W3C//DTD XHTML 1.0 Strict//EN"
"../XHTMLDTD/xhtml1-strict.dtd">
<html xmlns="http://www.w3.org/1999/xhtml">
   <head>
      <title>Eine ganz einfach XHTML-Datei</title>
   </head>

   <body>
      <p>Dies ist eine ganz einfach XHTML-Datei. 
      Benutzen Sie diese Datei zum Testen der 
      Besonderheiten von XHTML. Versuchen Sie 
      die Endung der Datei in xml umzubenennen 
      oder auch mal Zeichen wie &lt;br&gt;</p>
   </body>
</html>

