<?xml version="1.0" ?>
<!DOCTYPE mailadresse [ 
  <!ENTITY % email SYSTEM "email.dtd">
  <!ENTITY % adresse SYSTEM "adresse.dtd">

  <!ELEMENT mailadresse (email, adressbuch)>

  %email;
  %adresse;
  ]>
<mailadresse>
   <email>
      <absender>mir@meineMail.de</absender>
      <empfaenger>dir@deineMail.de</empfaenger>
      <kopie>kopie@eineMail.de</kopie>
      <blindkopie>blindkopie@eineMail.de</blindkopie>
      <ueberschrift>EMail als XML Datei</ueberschrift>
      <text>Dies ist eine Mail im XML Format. Sie ist zwar im Internet Explorer darstellbar aber sie ist nicht formatiert. Fuer die Formatierung ist eine weitere Datei notwendig.</text>
   </email>

   <adressbuch>
      <adresse>
         <name>Abel</name>
         <vorname>Annegret</vorname>
         <strasse>Am Anger 1</strasse>
         <plz>12345</plz>
         <ort>Aachen</ort>
      </adresse>
      <adresse>
         <name>Bebel</name>
         <vorname>Bertram</vorname>
         <strasse>Berliner Strasse 2</strasse>
         <plz>23456</plz>
         <ort>Berlin</ort>
      </adresse>
   </adressbuch>
</mailadresse>

