<?xml version="1.0" encoding="US-ASCII" standalone="no"  ?>
    <email>
        <!--- Hier kommt die Mail --->
        <absender>mir@meineMail.de</absender>
        <empfaenger>dir@deineMail.de</empfaenger>
        <1.kopie>kopie@eineMail.de</kopie>
        <blindkopie=optional>blindkopie@eineMail.de</blindkopie>
        <ueberschrift>EMail als XML Datei</ueberschrift>
        <text der Mail>
            Dies ist keine Mail im XML-Format. Sie ist zwar nicht im
            Internet Explorer darstellbar aber sie ist nicht
            koorekt => korrigieren Sie diese Datei.
        </text der Mail>
        <fehlerhaft="true"/>
    </email>

    
    

