<?xml version="1.0"?>
<!-- <!DOCTYPE email SYSTEM "email.dtd"> -->
    <email>
        <absender>mir@meineMail.de</absender>
        <empfaenger>dir@deineMail.de</empfaenger>
        <kopie>kopie@eineMail.de</kopie>
        <blindkopie>blindkopie@eineMail.de</blindkopie>
        <ueberschrift>EMail als XML Datei</ueberschrift>
        <text>
            Dies ist eine Mail im XML Format. Sie ist zwar im
            Internet Explorer darstellbar aber sie ist nicht
            formatiert. Fuer die Formatierung ist eine weitere     
            Datei notwendig.
        </text>
    </email>

    
    

