<?xml version="1.0"?>
<?xml:stylesheet type="text/css" href="emailns.css"?>
    <email xmlns:mail="http://www.meineMail.de">
        <mail:absender>mir@meineMail.de</mail:absender>          
        <mail:empfaenger>dir@deineMail.de</mail:empfaenger>
        <mail:kopie>kopie@eineMail.de</mail:kopie>
        <mail:blindkopie>blindkopie@eineMail.de</mail:blindkopie>
        <mail:ueberschrift>EMail in XML</mail:ueberschrift>
        <mail:text>
            Dies ist eine Mail im XML Format. Sie ist zwar im
            Internet Explorer darstellbar aber sie ist nicht
            formatiert. Fuer die Formatierung ist eine weitere     
            Datei notwendig.
        </mail:text>
    </email>
