<?xml version="1.0" encoding="Windows-1252" ?>
<XML_DIZ_INFO>
<MASTER_PAD_VERSION_INFO>
    <MASTER_PAD_VERSION>1.15</MASTER_PAD_VERSION>
    <MASTER_PAD_INFO>Portable Application Description, or PAD for short, is a data set that is used by shareware authors to disseminate information to anyone interested in their software products. To find out more go to http://www.asp-shareware.org/pad</MASTER_PAD_INFO>
</MASTER_PAD_VERSION_INFO>
<Company_Info>
        <Company_Name>SimX</Company_Name>
        <Address_1 />
        <Address_2 />
        <City_Town>Hightstown</City_Town>
        <State_Province>NJ</State_Province>
        <Zip_Postal_Code>08520</Zip_Postal_Code>
        <Country>USA</Country>
        <Company_WebSite_URL>http://www.simx.com</Company_WebSite_URL>
<Contact_Info>
        <Author_First_Name>Sergei</Author_First_Name>
        <Author_Last_Name>Sokolov</Author_Last_Name>
        <Author_Email>zc2com@yahoo.com</Author_Email>
        <Contact_First_Name />
        <Contact_Last_Name />
        <Contact_Email />
    </Contact_Info>
<Support_Info>
        <Sales_Email />
        <Support_Email>zc2com@yahoo.com</Support_Email>
        <General_Email />
        <Sales_Phone />
        <Support_Phone />
        <General_Phone />
        <Fax_Phone />
    </Support_Info>
</Company_Info>
<Program_Info>
        <Program_Name>XTrans</Program_Name>
        <Program_Version>1.0</Program_Version>
        <Program_Release_Month>01</Program_Release_Month>
        <Program_Release_Day>14</Program_Release_Day>
        <Program_Release_Year>2002</Program_Release_Year>
        <Program_Cost_Dollars>0</Program_Cost_Dollars>
        <Program_Cost_Other_Code />
        <Program_Cost_Other />
        <Program_Type>Freeware</Program_Type>
        <Program_Release_Status>Minor Update</Program_Release_Status>
        <Program_Install_Support>No Install Support</Program_Install_Support>
        <Program_OS_Support>Win98,WinNT 4.x,Windows2000</Program_OS_Support>
        <Program_Language>English</Program_Language>
<File_Info>
        <Filename_Versioned />
        <Filename_Previous />
        <Filename_Generic>xtrans.zip</Filename_Generic>
        <Filename_Long />
        <File_Size_Bytes>72750</File_Size_Bytes>
        <File_Size_K>71</File_Size_K>
        <File_Size_MB>0.07</File_Size_MB>
    </File_Info>
<Expire_Info>
        <Has_Expire_Info>N</Has_Expire_Info>
        <Expire_Count />
        <Expire_Based_On>Days</Expire_Based_On>
        <Expire_Other_Info />
        <Expire_Month />
        <Expire_Day />
        <Expire_Year />
    </Expire_Info>
        <Program_Change_Info />
        <Program_Specific_Category>Development Tools</Program_Specific_Category>
        <Program_Categories>Editor</Program_Categories>
        <Program_System_Requirements>MSXML 3.0, IE 5.x</Program_System_Requirements>
        <Includes_JAVA_VM>N</Includes_JAVA_VM>
        <Includes_VB_Runtime>N</Includes_VB_Runtime>
        <Includes_DirectX>N</Includes_DirectX>
</Program_Info>
<Program_Descriptions>
<English>
        <Keywords>XML XSL XSLT XPath Transformation</Keywords>
        <Char_Desc_45>XSL builder, tester, XPath analyzer</Char_Desc_45>
        <Char_Desc_80>Builds and transforms XML by XSL templates, using the XPath analyzer.</Char_Desc_80>
        <Char_Desc_250>This tool allows a XML/XSL developer to build XSL templates, using the XPath analyzer, and view the transformation result in the built in browser.</Char_Desc_250>
        <Char_Desc_450>This tool is a compact multi document text editor (featured syntax highlighting, find/replace, bookmarks, undo/redo, etc.) allows a XML/XSL developer to build XSL templates (by inserting XSL and HTML constructions) using the XPath analyzer, then test XSL transformation. The result may be showed in the built in browser.</Char_Desc_450>
        <Char_Desc_2000 />
</English>
</Program_Descriptions>
<Web_Info>
<Application_URLs>
        <Application_Info_URL>http://www.simx.com/pub/Xtrans/</Application_Info_URL>
        <Application_Order_URL />
        <Application_Screenshot_URL>http://www.simx.com/pub/Xtrans/XTrans.gif</Application_Screenshot_URL>
        <Application_Icon_URL />
        <Application_XML_File_URL>http://www.simx.com/pub/Xtrans/xtrans.xml</Application_XML_File_URL>
    </Application_URLs>
<Download_URLs>
        <Primary_Download_URL>http://www.simx.com/pub/Xtrans/XTrans.zip</Primary_Download_URL>
        <Secondary_Download_URL>http://www.simx.com/pub/Xtrans/XTrans.exe</Secondary_Download_URL>
        <Additional_Download_URL_1>http://www.simx.com/pub/Xtrans/XTrans.MSI</Additional_Download_URL_1>
        <Additional_Download_URL_2 />
    </Download_URLs>
</Web_Info>
<Permissions>
        <Distribution_Permissions />
        <EULA />
</Permissions>
<Simtel>
    <Simtel_Email />
    <Simtel_FORM>Y</Simtel_FORM>
    <Simtel_DOS_Category>Select - MS-DOS Platform (blank)</Simtel_DOS_Category>
    <Simtel_Win31_Category>Select - Win3 Platform unique (blank)</Simtel_Win31_Category>
    <Simtel_Platform>win95 - Win95/Win98/WinME</Simtel_Platform>
    <Simtel_Category>Programming - editor Editors / Word Processors</Simtel_Category>
    <SIMTEL_FORM_VER>1.1 12/07/2001</SIMTEL_FORM_VER>
</Simtel>
</XML_DIZ_INFO>
