<?xml version="1.0" encoding="utf-8"?>

<!-- Namensraum für XSL-FO -->
<fo:root xmlns:fo="http://www.w3.org/1999/XSL/Format">

<!-- Zuerst wird das Design der Seiten festgelegt. Dies geschieht durch
  die einzelnen Page-Master, die über den Namen referenziert werden -->
   <fo:layout-master-set>
   
      <!-- Zuerst einmal werden die Ränder und die Seitengröße festgelegt -->
      <fo:simple-page-master master-name="simple" 
          page-height="29.7cm" page-width="21cm" 
          margin-top="2cm" margin-bottom="1.5cm" 
          margin-left="2.5cm" margin-right="2.5cm">

          <!-- Diese Region stellt den eigentlichen Inhalt dar -->
          <fo:region-body margin-top="1.5cm" margin-bottom="1.5cm"/>

          <!-- Durch den Namen "xsl-region-before" wird die Kopfzeile beschrieben -->
          <fo:region-before extent="1.5cm"/>

          <!-- Der Bereich "xsl-region-after" ist die Fußzeile des Dokuments -->
          <fo:region-after extent="1cm"/>
      </fo:simple-page-master>
   </fo:layout-master-set>

   <!-- In diesem Bereich beginnt der eigentliche Inhalt der Datei -->
   <fo:page-sequence master-reference="simple">
   
      <!-- "static-content" ist ein Inhalt der auf jeder Seite wiederholt wird -->
      <fo:static-content flow-name="xsl-region-before">
         <fo:block font-size="12pt" font-family="Times Roman" 
             line-height="14pt" 
             text-align="end">
               Die Kopfzeile des Dokuments
         </fo:block>
      </fo:static-content>

      <!-- Auch dieser Berich ist ein statischer Bereich -->
      <fo:static-content flow-name="xsl-region-after">
         <fo:block font-size="14pt" font-family="Times Roman" 
             line-height="14pt" text-align="end">
               Die Fußzeile des Dokuments
         </fo:block>
      </fo:static-content>

      <!-- Diese Region markiert den eigentliche Inhalt des Dokuments -->
      <fo:flow flow-name="xsl-region-body">
      
         <!-- Einzelne Blöcke stehen für Absätze in dem Dokument -->
         <fo:block font-size="18pt" font-family="Times Roman" 
             font-weight="bold" 
             line-height="24pt" space-after.optimum="12pt" 
             text-align="center" padding-top="3pt">
               Erster Absatz des Dokuments.
         </fo:block>
         
         <!-- Inline-Elemente dienen der Formatierung innerhalt eines Absatzes -->
         <fo:block font-size="14pt" font-family="Times Roman" 
             line-height="24pt" space-after.optimum="16pt" 
             text-align="center" 
             padding-top="3pt">
               Zweiter Absatz des Dokuments mit 
                 <fo:inline font-weight="bold">fettem</fo:inline>
               und
                 <fo:inline font-style="italic">kursivem</fo:inline>
               Text.
               In diesem Absatz ist auch ein Verweis auf
               <fo:basic-link external-destination="url('http://www.apache.org/')"
                   text-decoration="underline" 
                   color="blue">Apache
               </fo:basic-link>
               -Homepage.  
         </fo:block>
         
         <fo:block>
           In diesem Absatz sind Verweise auf lokale Ziele:
         </fo:block>
         <fo:block>
           <fo:basic-link internal-destination="first"
             text-decoration="underline" 
             color="blue">Erstes Ziel  
           </fo:basic-link>
           <fo:basic-link internal-destination="second"
             text-decoration="underline" 
             color="blue">Zweites Ziel
           </fo:basic-link>
           <fo:basic-link internal-destination="third"
             text-decoration="underline" 
             color="blue">Drittes Ziel
           </fo:basic-link>
         </fo:block>
         <fo:block>
         </fo:block>
         <fo:block>
         </fo:block>
         <fo:block>
           Fülltext
         </fo:block>
         <fo:block>
           Fülltext
         </fo:block>
         <fo:block>
           Fülltext
         </fo:block>
         <fo:block>
           Fülltext
         </fo:block>
         <fo:block>
           Fülltext
         </fo:block>
         <fo:block>
           Fülltext
         </fo:block>
         <fo:block>
           Fülltext
         </fo:block>
         <fo:block>
           Fülltext
         </fo:block>
         <fo:block>
           Fülltext
         </fo:block>
         <fo:block>
           Fülltext
         </fo:block>
         <fo:block>
           Fülltext
         </fo:block>
         <fo:block>
           Fülltext
         </fo:block>
         <fo:block>
           Fülltext
         </fo:block>
         <fo:block>
           Fülltext
         </fo:block>
         <fo:block>
           Fülltext
         </fo:block>
         <fo:block>
           Fülltext
         </fo:block>
         <fo:block>
           Fülltext
         </fo:block>
         <fo:block>
           Fülltext
         </fo:block>
         <fo:block>
           Fülltext
         </fo:block>
         <fo:block>
           Fülltext
         </fo:block>
         <fo:block>
           Fülltext
         </fo:block>
         <fo:block>
           Fülltext
         </fo:block>
         <fo:block>
           Fülltext
         </fo:block>
         <fo:block>
           Fülltext
         </fo:block>
         <fo:block>
           Fülltext
         </fo:block>
         <fo:block>
           Fülltext
         </fo:block>
         <fo:block>
           Fülltext
         </fo:block>
         <fo:block>
           Fülltext
         </fo:block>
         <fo:block>
           Fülltext
         </fo:block>
         <fo:block>
           Fülltext
         </fo:block>
         <fo:block>
           Fülltext
         </fo:block>
         <fo:block>
           Fülltext
         </fo:block>
         <fo:block>
           Fülltext
         </fo:block>
         <fo:block>
           Fülltext
         </fo:block>
         <fo:block>
           Fülltext
         </fo:block>
         <fo:block id="first">
           Erstes Ziel
         </fo:block>
         <fo:block>
           Fülltext
         </fo:block>
         <fo:block>
           Fülltext
         </fo:block>
         <fo:block>
           Fülltext
         </fo:block>
         <fo:block>
           Fülltext
         </fo:block>
         <fo:block>
           Fülltext
         </fo:block>
         <fo:block>
           Fülltext
         </fo:block>
         <fo:block>
           Fülltext
         </fo:block>
         <fo:block>
           Fülltext
         </fo:block>
         <fo:block>
           Fülltext
         </fo:block>
         <fo:block>
           Fülltext
         </fo:block>
         <fo:block id="second">
           Zweites Ziel
         </fo:block>
         <fo:block>
           Fülltext
         </fo:block>
         <fo:block>
           Fülltext
         </fo:block>
         <fo:block>
           Fülltext
         </fo:block>
         <fo:block id="third">
           drittes Ziel
         </fo:block>
      </fo:flow>
   </fo:page-sequence>
</fo:root>

