<?xml version="1.0" ?>
<adressbuch xmlns:xsi="http://www.w3.org/2001/XMLSchema-instance" 
  xsi:noNamespaceSchemaLocation="adresse1.xsd">
   <adresse>
      <name>Abel</name>
      <vorname>Annegret</vorname>
      <strasse>Am Anger 1</strasse>
      <plz>12345</plz>
      <ort>Aachen</ort>
   </adresse>

   <adresse>
      <name>Bebel</name>
      <vorname>Bertram</vorname>
      <strasse>Berliner Strasse 2</strasse>
      <plz>23456</plz>
      <ort>Berlin</ort>
   </adresse>

   <adresse>
      <name>Cebel</name>
      <vorname>Christiane</vorname>
      <strasse>Cherusker Weg 3</strasse>
      <plz>34567</plz>
      <ort>Celle</ort>
   </adresse>

   <adresse>
      <name>Debel</name>
      <vorname>Dietmar</vorname>
      <strasse>Desenweg</strasse>
      <plz>45678</plz>
      <ort>Dortmund</ort>
   </adresse>
</adressbuch>

